iso3,country,gdp_2025_billion_usd,rank
USA,United States,30767.075,1
CHN,China,19626.247,2
DEU,Germany,5048.059,3
JPN,Japan,4435.163,4
GBR,United Kingdom,4003.022,5
IND,India,3916.312,6
FRA,France,3368.925,7
RUS,Russia,2587.938,8
ITA,Italy,2550.111,9
CAN,Canada,2319.900,10
BRA,Brazil,2279.918,11
ESP,Spain,1903.826,12
KOR,South Korea,1872.375,13
AUS,Australia,1839.961,14
MEX,Mexico,1832.641,15
TUR,Türkiye,1597.301,16
IDN,Indonesia,1445.642,17
NLD,Netherlands,1332.240,18
SAU,Saudi Arabia,1276.943,19
CHE,Switzerland,1043.544,20
POL,Poland,1035.586,21
TWN,Taiwan,920.050,22
BEL,Belgium,724.917,23
IRL,Ireland,718.140,24
ARG,Argentina,681.485,25
SWE,Sweden,668.999,26
ISR,Israel,610.778,27
SGP,Singapore,603.870,28
AUT,Austria,579.928,29
THA,Thailand,577.010,30
ARE,United Arab Emirates,571.643,31
NOR,Norway,530.756,32
VNM,Vietnam,494.046,33
PHL,Philippines,487.161,34
MYS,Malaysia,472.193,35
DNK,Denmark,461.718,36
BGD,Bangladesh,457.904,37
COL,Colombia,457.410,38
ROU,Romania,427.941,39
HKG,Hong Kong,427.310,40
ZAF,South Africa,427.141,41
PAK,Pakistan,407.786,42
CZE,Czech Republic,389.020,43
IRN,Iran,371.196,44
EGY,Egypt,364.640,45
CHL,Chile,355.346,46
PRT,Portugal,346.412,47
PER,Peru,341.025,48
FIN,Finland,316.860,49
KAZ,Kazakhstan,302.746,50
